Time,T1,T2,Q1,Q2
0,16.387,15.098,0.0,60.0
1.01,16.387,15.323,0.0,60.0
2.01,16.387,15.227,0.0,60.0
3.01,16.354,15.355,0.0,60.0
4.01,16.354,15.098,0.0,60.0
5.01,16.387,15.291,0.0,60.0
6.01,16.354,15.098,0.0,60.0
7.01,16.387,15.355,0.0,60.0
8.01,16.387,15.162,0.0,60.0
9.0,16.387,15.323,0.0,60.0
10.01,16.322,15.098,0.0,60.0
11.01,16.354,15.388,0.0,60.0
12.0,16.387,15.355,0.0,60.0
13.0,16.387,15.549,0.0,60.0
14.01,16.387,15.484,0.0,60.0
15.01,16.387,15.613,0.0,60.0
16.01,16.387,15.484,0.0,60.0
17.01,16.387,15.807,0.0,60.0
18.01,16.387,15.71,0.0,60.0
19.01,16.387,15.936,0.0,60.0
20.0,16.387,15.742,0.0,60.0
21.01,16.387,15.936,0.0,60.0
22.01,16.387,15.903,0.0,60.0
23.01,16.387,16.097,0.0,60.0
24.01,16.387,16.258,0.0,60.0
25.01,16.387,16.258,0.0,60.0
26.01,16.387,16.161,0.0,60.0
27.0,16.387,16.387,0.0,60.0
28.01,16.387,16.58,0.0,60.0
29.01,16.387,16.451,0.0,60.0
30.01,16.387,16.58,0.0,60.0
31.01,16.387,16.548,0.0,60.0
32.01,16.387,16.902,0.0,60.0
33.01,16.387,16.709,0.0,60.0
34.01,16.387,16.902,0.0,60.0
35.01,16.387,16.967,0.0,60.0
36.01,16.387,17.225,0.0,60.0
37.01,16.387,17.225,0.0,60.0
38.01,16.387,17.16,0.0,60.0
39.01,16.387,17.289,0.0,60.0
40.0,16.387,17.354,0.0,60.0
41.0,16.419,17.579,0.0,60.0
42.01,16.387,17.418,0.0,60.0
43.01,16.483,17.676,0.0,60.0
44.0,16.419,17.644,0.0,60.0
45.0,16.419,17.869,0.0,60.0
46.0,16.483,17.869,0.0,60.0
47.01,16.516,18.063,0.0,60.0
48.0,16.58,18.256,0.0,60.0
49.01,16.58,17.998,0.0,60.0
50.01,16.58,18.224,0.0,60.0
51.01,16.58,18.256,0.0,60.0
52.01,16.677,18.578,0.0,60.0
53.01,16.58,18.32,0.0,60.0
54.01,16.709,18.61,0.0,60.0
55.01,16.709,18.707,0.0,60.0
56.01,16.709,18.771,0.0,60.0
57.01,16.709,18.836,0.0,60.0
58.01,16.709,18.804,0.0,60.0
59.0,16.709,19.094,0.0,60.0
60.0,16.709,19.029,0.0,60.0
61.01,16.709,19.223,0.0,60.0
62.01,16.709,19.062,0.0,60.0
63.01,16.709,19.448,0.0,60.0
64.01,16.709,19.352,0.0,60.0
65.01,16.709,19.545,0.0,60.0
66.01,16.709,19.609,0.0,60.0
67.01,16.709,19.674,0.0,60.0
68.01,16.773,19.738,0.0,60.0
69.01,16.709,19.803,0.0,60.0
70.01,16.806,19.899,0.0,60.0
71.0,16.709,19.964,0.0,60.0
72.0,16.87,20.125,0.0,60.0
73.01,16.87,19.932,0.0,60.0
74.01,16.902,20.125,0.0,60.0
75.01,16.87,20.318,0.0,60.0
76.01,16.967,20.447,0.0,60.0
77.01,16.935,20.254,0.0,60.0
78.01,17.031,20.479,0.0,60.0
79.01,17.031,20.479,0.0,60.0
80.01,17.031,20.77,0.0,60.0
81.01,17.031,20.77,0.0,60.0
82.01,17.031,20.641,0.0,60.0
83.0,17.031,20.834,0.0,60.0
84.01,17.031,21.06,0.0,60.0
85.01,17.031,21.156,0.0,60.0
86.0,17.031,21.027,0.0,60.0
87.01,17.031,21.156,0.0,60.0
88.01,17.031,21.092,0.0,60.0
89.01,17.031,21.35,0.0,60.0
90.01,17.063,21.35,0.0,60.0
91.01,17.031,21.479,0.0,60.0
92.01,17.063,21.479,0.0,60.0
93.01,17.063,21.704,0.0,60.0
94.01,17.128,21.672,0.0,60.0
95.01,17.096,21.736,0.0,60.0
96.01,17.192,21.736,0.0,60.0
97.01,17.16,21.769,0.0,60.0
98.01,17.354,22.091,0.0,60.0
99.01,17.321,21.994,0.0,60.0
100.01,17.321,22.123,0.0,60.0
101.01,17.354,21.865,0.0,60.0
102.01,17.354,22.22,0.0,60.0
103.01,17.354,22.284,0.0,60.0
104.01,17.354,22.316,0.0,60.0
105.01,17.354,22.381,0.0,60.0
106.01,17.354,22.188,0.0,60.0
107.01,17.354,22.445,0.0,60.0
108.01,17.354,22.574,0.0,60.0
109.01,17.386,22.703,0.0,60.0
110.01,17.354,22.51,0.0,60.0
111.01,17.418,22.703,0.0,60.0
112.01,17.45,22.639,0.0,60.0
113.01,17.386,22.768,0.0,60.0
114.01,17.547,23.09,0.0,60.0
115.01,17.515,22.896,0.0,60.0
116.01,17.644,23.025,0.0,60.0
117.01,17.644,23.025,0.0,60.0
118.01,17.676,23.09,0.0,60.0
119.01,17.676,23.251,0.0,60.0
120.01,17.676,23.412,0.0,60.0
121.01,17.676,23.154,0.0,60.0
122.01,17.676,23.348,0.0,60.0
123.01,17.676,23.219,0.0,60.0
124.01,17.676,23.477,0.0,60.0
125.0,17.74,23.702,0.0,60.0
126.01,17.708,23.734,0.0,60.0
127.01,17.708,23.541,0.0,60.0
128.01,17.676,23.734,0.0,60.0
129.01,17.837,23.799,0.0,60.0
130.0,17.74,23.928,0.0,60.0
131.01,17.837,23.992,0.0,60.0
132.01,17.805,23.799,0.0,60.0
133.01,17.901,24.057,0.0,60.0
134.01,17.966,23.863,0.0,60.0
135.01,17.998,24.121,0.0,60.0
136.0,17.998,24.218,0.0,60.0
137.01,17.998,24.314,0.0,60.0
138.01,17.998,24.121,0.0,60.0
139.01,17.998,24.314,0.0,60.0
140.0,17.998,24.25,0.0,60.0
141.01,17.998,24.314,0.0,60.0
142.01,18.03,24.153,0.0,60.0
143.01,17.998,24.604,0.0,60.0
144.01,18.063,24.604,0.0,60.0
145.01,17.998,24.637,0.0,60.0
146.01,18.063,24.701,0.0,60.0
147.01,18.063,24.443,0.0,60.0
148.01,18.159,24.733,0.0,60.0
149.0,18.224,24.701,0.0,60.0
150.01,18.127,24.733,0.0,60.0
151.01,18.288,24.766,0.0,60.0
152.01,18.32,24.959,0.0,60.0
153.01,18.32,24.959,0.0,60.0
154.01,18.32,24.83,0.0,60.0
155.01,18.32,25.023,0.0,60.0
156.01,18.32,24.991,0.0,60.0
157.01,18.32,25.346,0.0,60.0
158.01,18.32,25.152,0.0,60.0
159.01,18.32,25.346,0.0,60.0
160.01,18.32,25.088,0.0,60.0
161.01,18.32,25.346,0.0,60.0
162.01,18.32,25.185,0.0,60.0
163.0,18.32,25.507,0.0,60.0
164.01,18.385,25.604,0.0,60.0
165.01,18.32,25.539,0.0,60.0
166.01,18.417,25.636,0.0,60.0
167.0,18.417,25.41,0.0,60.0
168.0,18.449,25.604,0.0,60.0
169.01,18.417,25.539,0.0,60.0
170.01,18.578,25.7,0.0,60.0
171.01,18.61,25.571,0.0,60.0
172.01,18.643,25.958,0.0,60.0
173.01,18.643,25.797,0.0,60.0
174.01,18.643,25.926,0.0,60.0
175.01,18.643,25.926,0.0,60.0
176.01,18.643,25.797,0.0,60.0
177.01,18.675,25.797,0.0,60.0
178.01,18.643,26.022,0.0,60.0
179.01,18.643,26.151,0.0,60.0
180.01,18.643,26.151,0.0,60.0
181.01,18.675,26.28,0.0,60.0
182.01,18.675,26.087,0.0,60.0
183.01,18.707,26.313,0.0,60.0
184.01,18.675,26.055,0.0,60.0
185.0,18.707,26.248,0.0,60.0
186.01,18.675,26.248,0.0,60.0
187.01,18.836,26.506,0.0,60.0
188.01,18.9,26.345,0.0,60.0
189.01,18.933,26.57,0.0,60.0
190.01,18.933,26.441,0.0,60.0
191.01,18.965,26.635,0.0,60.0
192.01,18.965,26.57,0.0,60.0
193.01,18.965,26.635,0.0,60.0
194.01,18.965,26.603,0.0,60.0
195.01,18.965,26.731,0.0,60.0
196.01,18.965,26.796,0.0,60.0
197.01,18.965,26.764,0.0,60.0
198.0,18.965,26.957,0.0,60.0
199.01,18.965,26.699,0.0,60.0
200.01,18.965,26.699,50.0,0.0
201.01,18.997,26.764,50.0,0.0
202.01,18.965,26.764,50.0,0.0
203.01,19.062,26.86,50.0,0.0
204.01,19.223,26.957,50.0,0.0
205.01,19.158,26.989,50.0,0.0
206.01,19.287,27.021,50.0,0.0
207.01,19.287,27.021,50.0,0.0
208.01,19.287,27.021,50.0,0.0
209.01,19.287,27.021,50.0,0.0
210.01,19.287,26.925,50.0,0.0
211.01,19.577,26.989,50.0,0.0
212.01,19.609,27.021,50.0,0.0
213.01,19.609,26.925,50.0,0.0
214.01,19.642,26.957,50.0,0.0
215.01,19.803,26.925,50.0,0.0
216.01,19.932,26.764,50.0,0.0
217.01,19.932,26.796,50.0,0.0
218.01,20.157,26.731,50.0,0.0
219.01,20.254,26.731,50.0,0.0
220.01,20.254,26.699,50.0,0.0
221.01,20.512,26.699,50.0,0.0
222.01,20.576,26.699,50.0,0.0
223.01,20.576,26.699,50.0,0.0
224.01,20.866,26.699,50.0,0.0
225.01,20.898,26.667,50.0,0.0
226.01,20.963,26.57,50.0,0.0
227.01,21.221,26.441,50.0,0.0
228.01,21.221,26.377,50.0,0.0
229.01,21.317,26.377,50.0,0.0
230.01,21.543,26.377,50.0,0.0
231.01,21.575,26.377,50.0,0.0
232.01,21.801,26.377,50.0,0.0
233.01,21.865,26.28,50.0,0.0
234.01,22.026,26.248,50.0,0.0
235.01,22.188,26.055,50.0,0.0
236.01,22.188,26.055,50.0,0.0
237.01,22.445,26.055,50.0,0.0
238.01,22.51,26.055,50.0,0.0
239.01,22.606,26.022,50.0,0.0
240.01,22.832,25.926,50.0,0.0
241.01,22.832,25.829,50.0,0.0
242.01,23.154,25.765,50.0,0.0
243.01,23.154,25.732,50.0,0.0
244.01,23.315,25.732,50.0,0.0
245.01,23.477,25.732,50.0,0.0
246.0,23.477,25.732,50.0,0.0
247.01,23.799,25.7,50.0,0.0
248.01,23.799,25.604,50.0,0.0
249.01,23.96,25.41,50.0,0.0
250.01,24.121,25.41,50.0,0.0
251.01,24.121,25.41,50.0,0.0
252.01,24.443,25.41,50.0,0.0
253.01,24.443,25.313,50.0,0.0
254.01,24.701,25.346,50.0,0.0
255.01,24.766,25.217,50.0,0.0
256.01,24.798,25.185,50.0,0.0
257.01,25.056,25.088,50.0,0.0
258.01,25.088,25.088,50.0,0.0
259.01,25.281,25.088,50.0,0.0
260.0,25.41,25.088,50.0,0.0
261.01,25.442,24.991,50.0,0.0
262.01,25.668,24.927,50.0,0.0
263.01,25.732,24.927,50.0,0.0
264.01,25.765,24.83,50.0,0.0
265.01,26.055,24.766,50.0,0.0
266.01,26.055,24.766,50.0,0.0
267.0,26.151,24.766,50.0,0.0
268.01,26.377,24.766,50.0,0.0
269.01,26.377,24.766,50.0,0.0
270.01,26.441,24.669,50.0,0.0
271.01,26.667,24.508,50.0,0.0
272.01,26.699,24.54,50.0,0.0
273.01,26.796,24.476,50.0,0.0
274.01,27.021,24.443,50.0,0.0
275.01,27.021,24.443,50.0,0.0
276.01,27.118,24.443,50.0,0.0
277.01,27.344,24.443,50.0,0.0
278.01,27.344,24.411,50.0,0.0
279.01,27.537,24.379,50.0,0.0
280.0,27.666,24.314,50.0,0.0
281.0,27.666,24.153,50.0,0.0
282.01,27.859,24.153,50.0,0.0
283.0,27.988,24.121,50.0,0.0
284.01,27.988,24.121,50.0,0.0
285.01,28.117,24.121,50.0,0.0
286.01,28.311,24.121,50.0,0.0
287.01,28.311,24.121,50.0,0.0
288.01,28.504,24.121,50.0,0.0
289.01,28.633,24.121,50.0,0.0
290.0,28.633,24.121,50.0,0.0
291.01,28.794,23.928,50.0,0.0
292.01,28.955,23.96,50.0,0.0
293.01,28.955,23.831,50.0,0.0
294.01,29.084,23.799,50.0,0.0
295.01,29.213,23.799,50.0,0.0
296.01,29.277,23.799,50.0,0.0
297.01,29.342,23.799,50.0,0.0
298.01,29.438,23.799,50.0,0.0
299.01,29.6,23.799,50.0,0.0
300.01,29.6,23.799,50.0,0.0
301.01,29.664,23.734,50.0,0.0
302.01,29.89,23.799,50.0,0.0
303.01,29.922,23.67,50.0,0.0
304.01,29.922,23.573,50.0,0.0
305.01,29.986,23.541,50.0,0.0
306.0,30.244,23.573,50.0,0.0
307.01,30.244,23.477,50.0,0.0
308.0,30.244,23.477,50.0,0.0
309.01,30.373,23.477,50.0,0.0
310.01,30.566,23.477,50.0,0.0
311.0,30.566,23.477,50.0,0.0
312.01,30.566,23.477,50.0,0.0
313.01,30.663,23.477,50.0,0.0
314.01,30.76,23.477,50.0,0.0
315.01,30.889,23.444,50.0,0.0
316.01,30.889,23.412,50.0,0.0
317.01,31.082,23.219,50.0,0.0
318.01,31.211,23.315,50.0,0.0
319.01,31.211,23.251,50.0,0.0
320.01,31.211,23.251,50.0,0.0
321.01,31.243,23.219,50.0,0.0
322.01,31.501,23.154,50.0,0.0
323.01,31.533,23.154,50.0,0.0
324.01,31.533,23.154,50.0,0.0
325.01,31.565,23.154,50.0,0.0
326.01,31.727,23.187,50.0,0.0
327.01,31.855,23.154,50.0,0.0
328.01,31.855,23.154,50.0,0.0
329.01,31.952,23.154,50.0,0.0
330.01,32.178,23.154,50.0,0.0
331.01,32.178,23.154,50.0,0.0
332.01,32.178,23.154,50.0,0.0
333.01,32.242,23.154,50.0,0.0
334.01,32.339,23.154,50.0,0.0
335.01,32.468,23.09,50.0,0.0
336.01,32.5,23.025,50.0,0.0
337.01,32.5,22.929,50.0,0.0
338.01,32.5,22.864,50.0,0.0
339.01,32.758,23.058,50.0,0.0
340.01,32.822,22.929,50.0,0.0
341.01,32.822,22.929,50.0,0.0
342.01,32.822,22.864,50.0,0.0
343.01,32.951,22.832,50.0,0.0
344.01,33.048,22.864,50.0,0.0
345.01,33.145,22.832,50.0,0.0
346.01,33.145,22.832,50.0,0.0
347.01,33.209,22.832,50.0,0.0
348.01,33.338,22.832,50.0,0.0
349.01,33.467,22.832,50.0,0.0
350.01,33.467,22.832,50.0,0.0
351.01,33.467,22.832,50.0,0.0
352.01,33.467,22.832,50.0,0.0
353.0,33.563,22.832,50.0,0.0
354.01,33.757,22.832,50.0,0.0
355.01,33.789,22.832,50.0,0.0
356.01,33.789,22.832,50.0,0.0
357.01,33.821,22.832,50.0,0.0
358.01,33.821,22.832,50.0,0.0
359.0,33.918,22.832,50.0,0.0
360.01,34.111,22.832,50.0,0.0
361.01,34.111,22.832,50.0,0.0
362.01,34.111,22.832,50.0,0.0
363.01,34.111,22.768,50.0,0.0
364.01,34.176,22.832,50.0,0.0
365.01,34.208,22.8,50.0,0.0
366.01,34.434,22.8,50.0,0.0
367.01,34.434,22.8,50.0,0.0
368.0,34.434,22.8,50.0,0.0
369.01,34.434,22.8,50.0,0.0
370.01,34.434,22.735,50.0,0.0
371.01,34.498,22.735,50.0,0.0
372.01,34.659,22.606,50.0,0.0
373.01,34.756,22.703,50.0,0.0
374.01,34.756,22.671,50.0,0.0
375.01,34.756,22.639,50.0,0.0
376.01,34.756,22.671,50.0,0.0
377.01,34.788,22.671,50.0,0.0
378.0,34.853,22.735,50.0,0.0
379.01,35.078,22.703,50.0,0.0
380.01,35.078,22.606,50.0,0.0
381.01,35.078,22.639,50.0,0.0
382.01,35.078,22.606,50.0,0.0
383.01,35.11,22.606,50.0,0.0
384.01,35.11,22.606,50.0,0.0
385.01,35.11,22.639,50.0,0.0
386.01,35.207,22.606,50.0,0.0
387.01,35.368,22.542,50.0,0.0
388.01,35.4,22.606,50.0,0.0
389.01,35.4,22.51,50.0,0.0
390.0,35.4,22.671,50.0,0.0
391.01,35.529,22.639,50.0,0.0
392.01,35.658,22.51,50.0,0.0
393.01,35.69,22.542,50.0,0.0
394.01,35.723,22.51,50.0,0.0
395.01,35.723,22.574,50.0,0.0
396.01,35.723,22.51,50.0,0.0
397.01,35.787,22.574,50.0,0.0
398.01,35.916,22.51,50.0,0.0
399.0,35.884,22.542,50.0,0.0
400.01,35.948,22.51,50.0,50.0
401.0,36.013,22.768,50.0,50.0
402.0,36.013,22.51,50.0,50.0
403.01,36.045,22.768,50.0,50.0
404.01,36.045,22.735,50.0,50.0
405.01,36.045,22.639,50.0,50.0
406.01,36.142,22.542,50.0,50.0
407.01,36.206,22.735,50.0,50.0
408.01,36.367,22.735,50.0,50.0
409.01,36.335,22.896,50.0,50.0
410.01,36.367,22.961,50.0,50.0
411.01,36.367,22.832,50.0,50.0
412.01,36.367,23.025,50.0,50.0
413.01,36.399,23.025,50.0,50.0
414.01,36.528,22.832,50.0,50.0
415.01,36.528,22.961,50.0,50.0
416.01,36.464,23.09,50.0,50.0
417.01,36.625,23.122,50.0,50.0
418.01,36.689,23.283,50.0,50.0
419.01,36.689,23.348,50.0,50.0
420.01,36.689,23.348,50.0,50.0
421.01,36.689,23.348,50.0,50.0
422.01,36.689,23.348,50.0,50.0
423.01,36.689,23.541,50.0,50.0
424.01,36.689,23.67,50.0,50.0
425.01,36.818,23.541,50.0,50.0
426.01,36.883,23.477,50.0,50.0
427.01,36.947,23.67,50.0,50.0
428.01,37.012,23.734,50.0,50.0
429.01,37.012,23.799,50.0,50.0
430.01,37.012,23.928,50.0,50.0
431.01,37.044,23.96,50.0,50.0
432.01,37.044,23.928,50.0,50.0
433.01,37.076,24.186,50.0,50.0
434.01,37.173,24.314,50.0,50.0
435.01,37.173,24.186,50.0,50.0
436.01,37.334,24.347,50.0,50.0
437.01,37.334,24.476,50.0,50.0
438.01,37.334,24.508,50.0,50.0
439.01,37.334,24.637,50.0,50.0
440.01,37.334,24.508,50.0,50.0
441.0,37.398,24.701,50.0,50.0
442.0,37.463,24.927,50.0,50.0
443.01,37.624,24.766,50.0,50.0
444.01,37.656,24.959,50.0,50.0
445.01,37.656,24.927,50.0,50.0
446.01,37.656,24.895,50.0,50.0
447.0,37.656,25.281,50.0,50.0
448.01,37.656,25.088,50.0,50.0
449.0,37.656,25.249,50.0,50.0
450.01,37.721,25.281,50.0,50.0
451.0,37.753,25.475,50.0,50.0
452.01,37.85,25.604,50.0,50.0
453.01,37.882,25.604,50.0,50.0
454.0,37.946,25.475,50.0,50.0
455.01,37.979,25.732,50.0,50.0
456.01,37.979,25.861,50.0,50.0
457.0,37.979,25.732,50.0,50.0
458.0,37.979,25.894,50.0,50.0
459.01,38.011,25.958,50.0,50.0
460.01,38.14,26.022,50.0,50.0
461.0,38.075,26.184,50.0,50.0
462.01,38.301,26.248,50.0,50.0
463.0,38.301,26.055,50.0,50.0
464.01,38.301,26.345,50.0,50.0
465.0,38.301,26.538,50.0,50.0
466.01,38.301,26.506,50.0,50.0
467.01,38.301,26.474,50.0,50.0
468.01,38.301,26.603,50.0,50.0
469.0,38.333,26.57,50.0,50.0
470.01,38.365,26.893,50.0,50.0
471.01,38.591,26.893,50.0,50.0
472.01,38.591,26.828,50.0,50.0
473.01,38.623,26.893,50.0,50.0
474.0,38.526,26.925,50.0,50.0
475.01,38.623,27.021,50.0,50.0
476.0,38.559,27.215,50.0,50.0
477.01,38.623,27.15,50.0,50.0
478.01,38.623,27.021,50.0,50.0
479.0,38.655,27.376,50.0,50.0
480.0,38.655,27.473,50.0,50.0
481.01,38.752,27.408,50.0,50.0
482.01,38.945,27.537,50.0,50.0
483.0,38.945,27.344,50.0,50.0
484.01,38.913,27.505,50.0,50.0
485.01,38.945,27.859,50.0,50.0
486.01,38.945,27.859,50.0,50.0
487.01,38.945,27.859,50.0,50.0
488.01,38.978,27.795,50.0,50.0
489.01,39.171,27.892,50.0,50.0
490.01,39.074,28.085,50.0,50.0
491.0,39.171,27.956,50.0,50.0
492.01,39.171,28.182,50.0,50.0
493.01,39.203,28.182,50.0,50.0
494.01,39.268,28.053,50.0,50.0
495.01,39.268,28.053,50.0,50.0
496.01,39.268,28.375,50.0,50.0
497.01,39.268,28.311,50.0,50.0
498.01,39.3,28.504,50.0,50.0
499.01,39.3,28.504,50.0,50.0
500.01,39.268,28.375,50.0,50.0
501.01,39.3,28.536,50.0,50.0
502.0,39.364,28.762,50.0,50.0
503.01,39.461,28.633,50.0,50.0
504.01,39.525,28.762,50.0,50.0
505.01,39.59,28.826,50.0,50.0
506.0,39.59,28.633,50.0,50.0
507.01,39.59,28.826,50.0,50.0
508.0,39.59,29.052,50.0,50.0
509.0,39.622,28.955,50.0,50.0
510.01,39.59,29.148,50.0,50.0
511.01,39.622,29.116,50.0,50.0
512.01,39.719,29.148,50.0,50.0
513.01,39.751,29.31,50.0,50.0
514.01,39.88,29.471,50.0,50.0
515.0,39.848,29.342,50.0,50.0
516.01,39.912,29.471,50.0,50.0
517.01,39.912,29.471,50.0,50.0
518.01,39.912,29.342,50.0,50.0
519.01,39.912,29.471,50.0,50.0
520.0,39.912,29.761,50.0,50.0
521.01,39.912,29.6,50.0,50.0
522.0,39.912,29.664,50.0,50.0
523.01,40.041,29.793,50.0,50.0
524.0,40.041,29.729,50.0,50.0
525.01,40.138,29.6,50.0,50.0
526.0,40.138,29.857,50.0,50.0
527.01,40.234,29.857,50.0,50.0
528.01,40.234,29.954,50.0,50.0
529.01,40.234,29.922,50.0,50.0
530.0,40.234,30.115,50.0,50.0
531.0,40.234,29.986,50.0,50.0
532.01,40.331,29.922,50.0,50.0
533.0,40.331,30.276,50.0,50.0
534.0,40.363,30.405,50.0,50.0
535.01,40.492,30.244,50.0,50.0
536.01,40.557,30.309,50.0,50.0
537.01,40.557,30.373,50.0,50.0
538.01,40.557,30.438,50.0,50.0
539.01,40.557,30.405,50.0,50.0
540.01,40.557,30.566,50.0,50.0
541.01,40.557,30.728,50.0,50.0
542.0,40.557,30.695,50.0,50.0
543.0,40.557,30.76,50.0,50.0
544.01,40.557,30.695,50.0,50.0
545.01,40.589,30.566,50.0,50.0
546.01,40.653,30.856,50.0,50.0
547.01,40.589,30.985,50.0,50.0
548.01,40.653,30.856,50.0,50.0
549.01,40.653,31.018,50.0,50.0
550.0,40.686,30.889,50.0,50.0
551.01,40.686,30.953,50.0,50.0
552.01,40.879,31.082,50.0,50.0
553.01,40.879,31.082,50.0,50.0
554.01,40.879,30.889,50.0,50.0
555.01,40.911,31.05,50.0,50.0
556.01,40.879,31.275,50.0,50.0
557.01,40.879,31.243,50.0,50.0
558.01,40.879,31.211,50.0,50.0
559.01,40.976,31.404,50.0,50.0
560.01,41.04,31.34,50.0,50.0
561.0,41.137,31.34,50.0,50.0
562.01,41.201,31.243,50.0,50.0
563.01,41.201,31.404,50.0,50.0
564.01,41.201,31.533,50.0,50.0
565.01,41.201,31.501,50.0,50.0
566.01,41.201,31.662,50.0,50.0
567.0,41.201,31.662,50.0,50.0
568.0,41.233,31.533,50.0,50.0
568.92,41.233,31.727,50.0,50.0
570.01,41.201,31.727,50.0,50.0
571.01,41.233,31.598,50.0,50.0
572.01,41.233,31.565,50.0,50.0
573.01,41.33,31.759,50.0,50.0
574.01,41.233,32.017,50.0,50.0
575.01,41.233,31.823,50.0,50.0
576.01,41.33,31.92,50.0,50.0
577.01,41.459,32.049,50.0,50.0
578.01,41.523,31.855,50.0,50.0
579.01,41.491,32.017,50.0,50.0
580.01,41.523,32.049,50.0,50.0
581.01,41.523,32.081,50.0,50.0
582.01,41.523,32.146,50.0,50.0
583.01,41.523,32.21,50.0,50.0
584.01,41.523,32.242,50.0,50.0
585.01,41.523,32.307,50.0,50.0
586.01,41.523,32.242,50.0,50.0
587.01,41.523,32.242,50.0,50.0
588.01,41.588,32.371,50.0,50.0
589.0,41.588,32.21,50.0,50.0
590.01,41.652,32.468,50.0,50.0
591.01,41.652,32.532,50.0,50.0
592.01,41.749,32.403,50.0,50.0
593.01,41.781,32.5,50.0,50.0
594.01,41.813,32.693,50.0,50.0
595.01,41.846,32.693,50.0,50.0
596.01,41.813,32.629,50.0,50.0
597.01,41.846,32.5,50.0,50.0
598.01,41.878,32.693,50.0,50.0
599.01,41.91,32.693,50.0,50.0
600.0,41.846,32.564,0.0,40.0
601.01,41.846,32.629,0.0,40.0
602.01,41.91,32.5,0.0,40.0
603.0,41.942,32.822,0.0,40.0
604.01,41.878,32.854,0.0,40.0
605.01,41.91,32.758,0.0,40.0
606.01,41.942,32.854,0.0,40.0
607.01,42.007,32.951,0.0,40.0
608.01,41.942,32.983,0.0,40.0
609.01,41.846,32.983,0.0,40.0
610.01,41.846,32.951,0.0,40.0
611.01,41.846,33.016,0.0,40.0
612.01,41.846,32.951,0.0,40.0
613.01,41.781,32.951,0.0,40.0
614.0,41.781,32.951,0.0,40.0
615.01,41.523,33.016,0.0,40.0
616.01,41.523,33.016,0.0,40.0
617.01,41.491,32.887,0.0,40.0
618.01,41.523,32.822,0.0,40.0
619.01,41.233,32.951,0.0,40.0
620.01,41.201,32.951,0.0,40.0
621.01,41.201,32.887,0.0,40.0
622.01,41.04,32.822,0.0,40.0
623.01,40.943,32.822,0.0,40.0
625.0,40.847,33.177,0.0,40.0
626.01,40.653,33.241,0.0,40.0
627.01,40.557,33.177,0.0,40.0
628.01,40.524,33.112,0.0,40.0
629.0,40.428,33.209,0.0,40.0
630.01,40.234,33.241,0.0,40.0
631.01,40.202,33.08,0.0,40.0
632.01,39.912,33.145,0.0,40.0
633.01,39.912,33.08,0.0,40.0
634.01,39.88,33.209,0.0,40.0
635.01,39.687,33.273,0.0,40.0
636.01,39.59,32.983,0.0,40.0
637.01,39.59,33.241,0.0,40.0
638.01,39.493,33.338,0.0,40.0
639.01,39.268,33.241,0.0,40.0
640.01,39.235,32.983,0.0,40.0
641.01,39.203,33.273,0.0,40.0
642.01,38.945,33.145,0.0,40.0
643.01,38.945,33.016,0.0,40.0
644.01,38.816,33.016,0.0,40.0
645.01,38.623,32.854,0.0,40.0
646.01,38.623,33.08,0.0,40.0
647.01,38.494,33.08,0.0,40.0
648.01,38.301,32.919,0.0,40.0
649.01,38.301,32.951,0.0,40.0
650.01,38.107,33.112,0.0,40.0
651.01,37.979,33.145,0.0,40.0
652.01,37.979,32.854,0.0,40.0
653.01,37.688,32.951,0.0,40.0
654.01,37.656,33.112,0.0,40.0
655.01,37.624,33.112,0.0,40.0
656.01,37.431,32.822,0.0,40.0
657.01,37.334,32.822,0.0,40.0
658.01,37.334,32.951,0.0,40.0
659.01,37.141,32.951,0.0,40.0
660.01,37.012,33.016,0.0,40.0
661.0,37.012,32.822,0.0,40.0
662.01,36.786,33.016,0.0,40.0
663.01,36.689,33.016,0.0,40.0
664.01,36.689,32.887,0.0,40.0
665.01,36.496,32.822,0.0,40.0
666.01,36.399,32.951,0.0,40.0
667.01,36.367,32.951,0.0,40.0
668.01,36.142,32.887,0.0,40.0
669.01,36.045,32.822,0.0,40.0
670.0,36.045,33.016,0.0,40.0
671.01,35.98,32.951,0.0,40.0
672.01,35.755,32.951,0.0,40.0
673.01,35.723,32.822,0.0,40.0
674.01,35.723,32.951,0.0,40.0
675.01,35.4,32.919,0.0,40.0
676.01,35.4,32.951,0.0,40.0
677.01,35.4,32.629,0.0,40.0
678.01,35.143,32.758,0.0,40.0
679.01,35.078,32.726,0.0,40.0
680.01,35.078,32.693,0.0,40.0
681.0,34.853,32.5,0.0,40.0
682.01,34.756,32.726,0.0,40.0
683.01,34.756,32.629,0.0,40.0
684.01,34.691,32.693,0.0,40.0
685.01,34.434,32.564,0.0,40.0
686.01,34.434,32.5,0.0,40.0
687.01,34.305,32.629,0.0,40.0
688.01,34.111,32.629,0.0,40.0
689.01,34.111,32.5,0.0,40.0
690.01,34.111,32.564,0.0,40.0
691.01,34.015,32.661,0.0,40.0
692.01,33.789,32.629,0.0,40.0
693.0,33.789,32.5,0.0,40.0
694.0,33.757,32.629,0.0,40.0
695.01,33.563,32.629,0.0,40.0
696.01,33.467,32.629,0.0,40.0
697.01,33.467,32.5,0.0,40.0
698.01,33.435,32.468,0.0,40.0
699.01,33.306,32.597,0.0,40.0
700.01,33.145,32.468,0.0,40.0
701.01,33.145,32.403,0.0,40.0
702.01,33.016,32.436,0.0,40.0
703.01,32.919,32.403,0.0,40.0
704.01,32.822,32.242,0.0,40.0
705.01,32.79,32.403,0.0,40.0
706.01,32.597,32.307,0.0,40.0
707.01,32.532,32.178,0.0,40.0
708.01,32.5,32.307,0.0,40.0
709.01,32.5,32.242,0.0,40.0
710.01,32.436,32.307,0.0,40.0
711.01,32.21,32.307,0.0,40.0
712.01,32.21,32.178,0.0,40.0
713.01,32.178,32.371,0.0,40.0
714.01,32.113,32.371,0.0,40.0
715.01,31.855,32.178,0.0,40.0
716.01,31.888,32.307,0.0,40.0
717.01,31.855,32.146,0.0,40.0
718.01,31.823,32.307,0.0,40.0
719.01,31.855,32.178,0.0,40.0
720.01,31.565,32.307,0.0,40.0
721.01,31.533,32.146,0.0,40.0
722.01,31.533,32.178,0.0,40.0
723.01,31.437,32.274,0.0,40.0
724.01,31.211,31.984,0.0,40.0
725.01,31.211,32.081,0.0,40.0
726.01,31.211,31.855,0.0,40.0
727.01,31.179,32.017,0.0,40.0
728.01,30.953,32.017,0.0,40.0
729.01,30.889,31.984,0.0,40.0
730.01,30.889,31.984,0.0,40.0
731.01,30.889,31.984,0.0,40.0
732.01,30.889,31.855,0.0,40.0
733.01,30.76,32.049,0.0,40.0
734.01,30.599,31.855,0.0,40.0
735.01,30.566,31.984,0.0,40.0
736.01,30.566,31.855,0.0,40.0
737.01,30.47,31.984,0.0,40.0
738.01,30.405,31.855,0.0,40.0
739.01,30.244,31.952,0.0,40.0
740.01,30.244,31.662,0.0,40.0
741.01,30.244,31.759,0.0,40.0
742.01,30.212,31.63,0.0,40.0
743.01,30.083,31.759,0.0,40.0
744.01,29.922,31.727,0.0,40.0
745.01,29.922,31.662,0.0,40.0
746.01,29.922,31.533,0.0,40.0
747.01,29.89,31.727,0.0,40.0
748.01,29.761,31.662,0.0,40.0
749.01,29.6,31.662,0.0,40.0
750.01,29.6,31.662,0.0,40.0
751.01,29.6,31.533,0.0,40.0
752.01,29.6,31.662,0.0,40.0
753.01,29.374,31.662,0.0,40.0
754.01,29.31,31.662,0.0,40.0
755.01,29.277,31.598,0.0,40.0
756.01,29.277,31.662,0.0,40.0
757.01,29.277,31.533,0.0,40.0
758.0,29.277,31.662,0.0,40.0
759.0,29.084,31.501,0.0,40.0
760.01,28.955,31.533,0.0,40.0
761.01,28.955,31.533,0.0,40.0
762.01,28.955,31.404,0.0,40.0
763.01,28.955,31.404,0.0,40.0
764.01,28.923,31.275,0.0,40.0
765.01,28.794,31.404,0.0,40.0
766.01,28.697,31.211,0.0,40.0
767.01,28.665,31.34,0.0,40.0
768.01,28.633,31.275,0.0,40.0
769.01,28.633,31.34,0.0,40.0
770.01,28.633,31.211,0.0,40.0
771.01,28.504,31.34,0.0,40.0
772.01,28.439,31.275,0.0,40.0
773.01,28.311,31.34,0.0,40.0
774.01,28.311,31.372,0.0,40.0
775.01,28.311,31.114,0.0,40.0
776.01,28.311,31.243,0.0,40.0
777.01,28.278,31.114,0.0,40.0
778.01,28.085,31.146,0.0,40.0
779.01,27.988,31.018,0.0,40.0
780.01,27.988,31.146,0.0,40.0
781.01,27.988,30.921,0.0,40.0
782.01,27.988,31.018,0.0,40.0
783.01,27.956,30.953,0.0,40.0
784.01,27.892,31.018,0.0,40.0
785.01,27.73,31.082,0.0,40.0
786.01,27.698,30.889,0.0,40.0
787.01,27.666,31.018,0.0,40.0
788.01,27.666,31.018,0.0,40.0
789.01,27.666,31.082,0.0,40.0
790.01,27.634,30.889,0.0,40.0
791.01,27.602,31.018,0.0,40.0
792.01,27.44,30.889,0.0,40.0
793.01,27.344,30.985,0.0,40.0
794.01,27.344,30.985,0.0,40.0
795.01,27.344,30.985,0.0,40.0
796.01,27.344,30.695,0.0,40.0
797.01,27.344,30.824,0.0,40.0
798.01,27.344,30.631,0.0,40.0
799.01,27.312,30.76,0.0,40.0
800.01,27.279,30.76,40.0,40.0
801.0,27.118,30.566,40.0,40.0
802.01,27.054,30.76,40.0,40.0
803.0,27.054,30.728,40.0,40.0
804.01,27.021,30.695,40.0,40.0
805.0,27.021,30.76,40.0,40.0
806.01,27.021,30.695,40.0,40.0
807.01,27.021,30.695,40.0,40.0
808.01,27.021,30.695,40.0,40.0
809.01,27.021,30.76,40.0,40.0
810.01,26.989,30.695,40.0,40.0
811.01,27.021,30.695,40.0,40.0
812.01,27.021,30.695,40.0,40.0
813.01,27.021,30.599,40.0,40.0
814.0,27.021,30.663,40.0,40.0
815.01,27.021,30.566,40.0,40.0
816.01,27.021,30.631,40.0,40.0
817.01,27.021,30.47,40.0,40.0
818.01,27.054,30.566,40.0,40.0
819.01,27.183,30.534,40.0,40.0
820.01,27.215,30.438,40.0,40.0
821.0,27.279,30.373,40.0,40.0
822.01,27.344,30.47,40.0,40.0
823.01,27.344,30.599,40.0,40.0
824.01,27.344,30.405,40.0,40.0
825.01,27.344,30.373,40.0,40.0
826.01,27.344,30.438,40.0,40.0
827.01,27.602,30.373,40.0,40.0
828.01,27.634,30.309,40.0,40.0
829.01,27.666,30.373,40.0,40.0
830.01,27.666,30.373,40.0,40.0
831.01,27.666,30.244,40.0,40.0
832.01,27.859,30.373,40.0,40.0
833.01,27.988,30.244,40.0,40.0
834.01,27.988,30.438,40.0,40.0
835.01,27.988,30.244,40.0,40.0
836.01,28.085,30.438,40.0,40.0
837.01,28.278,30.309,40.0,40.0
838.01,28.311,30.373,40.0,40.0
839.01,28.311,30.147,40.0,40.0
840.01,28.375,30.373,40.0,40.0
841.01,28.504,30.18,40.0,40.0
842.01,28.601,30.438,40.0,40.0
843.01,28.633,30.244,40.0,40.0
844.01,28.633,30.373,40.0,40.0
845.01,28.633,30.341,40.0,40.0
846.01,28.826,30.212,40.0,40.0
847.01,28.955,30.18,40.0,40.0
848.01,28.955,30.373,40.0,40.0
849.01,28.955,30.18,40.0,40.0
850.01,29.052,30.341,40.0,40.0
851.01,29.181,30.341,40.0,40.0
852.01,29.277,30.244,40.0,40.0
853.01,29.277,30.212,40.0,40.0
854.01,29.277,30.373,40.0,40.0
855.01,29.342,30.341,40.0,40.0
856.01,29.567,30.051,40.0,40.0
857.0,29.6,30.244,40.0,40.0
858.01,29.6,29.986,40.0,40.0
859.0,29.632,30.115,40.0,40.0
860.01,29.793,30.051,40.0,40.0
861.01,29.922,30.147,40.0,40.0
862.0,29.922,30.115,40.0,40.0
863.01,29.922,29.986,40.0,40.0
864.01,30.019,30.083,40.0,40.0
865.01,30.115,30.083,40.0,40.0
866.01,30.244,30.051,40.0,40.0
867.01,30.244,30.115,40.0,40.0
868.01,30.276,30.083,40.0,40.0
869.01,30.244,29.954,40.0,40.0
870.01,30.47,30.115,40.0,40.0
871.01,30.566,30.019,40.0,40.0
872.01,30.566,30.115,40.0,40.0
873.01,30.566,29.954,40.0,40.0
874.01,30.695,30.18,40.0,40.0
875.01,30.824,29.922,40.0,40.0
876.01,30.856,30.115,40.0,40.0
877.01,30.889,30.019,40.0,40.0
878.01,30.889,30.115,40.0,40.0
879.01,30.921,30.115,40.0,40.0
880.01,30.985,30.147,40.0,40.0
881.01,31.114,30.019,40.0,40.0
882.0,31.114,30.115,40.0,40.0
883.01,31.211,30.147,40.0,40.0
884.01,31.211,30.212,40.0,40.0
885.01,31.308,30.019,40.0,40.0
886.01,31.404,30.147,40.0,40.0
887.01,31.533,30.212,40.0,40.0
888.01,31.533,30.147,40.0,40.0
889.0,31.565,30.019,40.0,40.0
890.01,31.694,30.244,40.0,40.0
891.01,31.759,30.18,40.0,40.0
892.01,31.855,30.309,40.0,40.0
893.01,31.855,30.147,40.0,40.0
894.01,31.855,30.244,40.0,40.0
895.01,31.888,30.18,40.0,40.0
896.01,31.952,30.276,40.0,40.0
897.01,32.178,30.244,40.0,40.0
898.0,32.178,30.244,40.0,40.0
899.0,32.178,30.244,40.0,40.0
900.0,32.242,30.212,40.0,40.0
901.01,32.339,30.212,40.0,40.0
902.01,32.5,30.341,40.0,40.0
903.01,32.5,30.373,40.0,40.0
904.01,32.5,30.244,40.0,40.0
905.01,32.5,30.405,40.0,40.0
906.01,32.564,30.276,40.0,40.0
907.01,32.693,30.244,40.0,40.0
908.0,32.822,30.405,40.0,40.0
909.01,32.822,30.438,40.0,40.0
910.01,32.822,30.309,40.0,40.0
911.01,32.854,30.244,40.0,40.0
912.01,32.951,30.373,40.0,40.0
913.01,33.112,30.373,40.0,40.0
914.01,33.112,30.244,40.0,40.0
915.01,33.112,30.373,40.0,40.0
916.01,33.145,30.373,40.0,40.0
917.01,33.145,30.309,40.0,40.0
918.01,33.145,30.244,40.0,40.0
919.01,33.177,30.438,40.0,40.0
920.01,33.241,30.373,40.0,40.0
921.0,33.467,30.244,40.0,40.0
922.01,33.467,30.341,40.0,40.0
923.01,33.467,30.373,40.0,40.0
924.01,33.467,30.309,40.0,40.0
925.01,33.499,30.244,40.0,40.0
926.01,33.467,30.405,40.0,40.0
927.01,33.596,30.438,40.0,40.0
928.01,33.692,30.244,40.0,40.0
929.01,33.757,30.276,40.0,40.0
930.0,33.789,30.405,40.0,40.0
931.01,33.789,30.309,40.0,40.0
932.01,33.789,30.341,40.0,40.0
933.01,33.821,30.405,40.0,40.0
934.01,33.886,30.47,40.0,40.0
935.0,33.982,30.276,40.0,40.0
936.0,34.111,30.373,40.0,40.0
937.0,34.111,30.502,40.0,40.0
938.01,34.111,30.534,40.0,40.0
939.01,34.111,30.438,40.0,40.0
940.01,34.111,30.502,40.0,40.0
941.01,34.176,30.631,40.0,40.0
942.01,34.337,30.502,40.0,40.0
943.01,34.434,30.534,40.0,40.0
944.01,34.434,30.534,40.0,40.0
945.01,34.434,30.438,40.0,40.0
946.01,34.434,30.599,40.0,40.0
947.01,34.53,30.695,40.0,40.0
948.01,34.627,30.438,40.0,40.0
949.01,34.724,30.663,40.0,40.0
950.01,34.724,30.76,40.0,40.0
951.01,34.724,30.631,40.0,40.0
952.01,34.756,30.728,40.0,40.0
953.01,34.756,30.76,40.0,40.0
954.01,34.756,30.566,40.0,40.0
955.01,34.853,30.631,40.0,40.0
956.0,34.885,30.599,40.0,40.0
957.01,35.014,30.599,40.0,40.0
958.01,35.078,30.695,40.0,40.0
959.01,35.078,30.76,40.0,40.0
960.0,35.078,30.76,40.0,40.0
961.01,35.078,30.695,40.0,40.0
962.01,35.078,30.566,40.0,40.0
963.01,35.11,30.695,40.0,40.0
964.01,35.11,30.631,40.0,40.0
965.01,35.175,30.631,40.0,40.0
966.01,35.271,30.695,40.0,40.0
967.0,35.368,30.566,40.0,40.0
968.0,35.368,30.728,40.0,40.0
969.01,35.4,30.76,40.0,40.0
970.01,35.4,30.566,40.0,40.0
971.0,35.4,30.76,40.0,40.0
972.01,35.4,30.792,40.0,40.0
973.01,35.4,30.695,40.0,40.0
974.01,35.497,30.76,40.0,40.0
975.01,35.465,30.824,40.0,40.0
976.01,35.562,30.663,40.0,40.0
977.01,35.723,30.824,40.0,40.0
978.01,35.723,30.985,40.0,40.0
979.01,35.723,31.018,40.0,40.0
980.01,35.723,30.953,40.0,40.0
981.01,35.723,30.985,40.0,40.0
982.01,35.755,30.921,40.0,40.0
983.01,35.723,30.953,40.0,40.0
984.01,35.787,30.985,40.0,40.0
985.01,35.852,31.018,40.0,40.0
986.01,35.916,30.953,40.0,40.0
987.01,36.013,30.889,40.0,40.0
988.0,36.045,31.082,40.0,40.0
989.0,36.045,30.889,40.0,40.0
990.01,36.045,30.921,40.0,40.0
991.0,36.045,30.953,40.0,40.0
992.01,36.045,30.889,40.0,40.0
993.01,36.077,30.953,40.0,40.0
994.01,36.109,31.082,40.0,40.0
995.01,36.077,31.018,40.0,40.0
996.01,36.206,31.018,40.0,40.0
997.01,36.303,31.018,40.0,40.0
998.01,36.367,30.953,40.0,40.0
999.01,36.367,30.889,40.0,40.0
1000.01,36.367,30.889,40.0,0.0
1001.01,36.367,30.889,40.0,0.0
1002.01,36.367,30.889,40.0,0.0
1003.01,36.367,30.889,40.0,0.0
1004.01,36.367,30.921,40.0,0.0
1005.01,36.367,30.921,40.0,0.0
1006.01,36.367,30.921,40.0,0.0
1007.01,36.367,30.889,40.0,0.0
1008.01,36.367,30.889,40.0,0.0
1009.01,36.528,30.889,40.0,0.0
1010.01,36.593,30.889,40.0,0.0
1011.0,36.689,30.889,40.0,0.0
1012.01,36.689,30.889,40.0,0.0
1013.01,36.657,30.889,40.0,0.0
1014.01,36.689,30.889,40.0,0.0
1015.01,36.689,30.824,40.0,0.0
1016.01,36.689,30.856,40.0,0.0
1017.01,36.689,30.792,40.0,0.0
1018.0,36.689,30.728,40.0,0.0
1019.01,36.689,30.566,40.0,0.0
1020.01,36.689,30.566,40.0,0.0
1021.01,36.689,30.566,40.0,0.0
1022.01,36.689,30.566,40.0,0.0
1023.01,36.689,30.566,40.0,0.0
1024.01,36.818,30.373,40.0,0.0
1025.01,36.915,30.47,40.0,0.0
1026.01,37.012,30.276,40.0,0.0
1027.01,37.012,30.309,40.0,0.0
1028.01,37.012,30.276,40.0,0.0
1029.01,37.012,30.244,40.0,0.0
1030.01,37.012,30.244,40.0,0.0
1031.01,37.012,30.244,40.0,0.0
1032.01,37.012,30.244,40.0,0.0
1033.01,37.012,30.18,40.0,0.0
1034.01,37.012,30.115,40.0,0.0
1035.01,37.012,29.922,40.0,0.0
1036.01,37.044,29.922,40.0,0.0
1037.01,37.108,29.922,40.0,0.0
1038.01,37.141,29.922,40.0,0.0
1039.01,37.205,29.857,40.0,0.0
1040.01,37.27,29.825,40.0,0.0
1041.01,37.334,29.761,40.0,0.0
1042.01,37.302,29.6,40.0,0.0
1043.01,37.334,29.6,40.0,0.0
1044.01,37.334,29.6,40.0,0.0
1045.01,37.334,29.6,40.0,0.0
1046.01,37.334,29.6,40.0,0.0
1047.01,37.334,29.535,40.0,0.0
1048.01,37.334,29.374,40.0,0.0
1049.01,37.334,29.342,40.0,0.0
1050.01,37.334,29.277,40.0,0.0
1051.0,37.334,29.277,40.0,0.0
1052.0,37.334,29.277,40.0,0.0
1053.01,37.334,29.277,40.0,0.0
1054.01,37.334,29.245,40.0,0.0
1055.01,37.334,29.213,40.0,0.0
1056.01,37.334,29.084,40.0,0.0
1057.01,37.366,28.987,40.0,0.0
1058.01,37.366,28.955,40.0,0.0
1059.01,37.527,28.955,40.0,0.0
1060.01,37.334,28.955,40.0,0.0
1061.01,37.495,28.858,40.0,0.0
1062.01,37.463,28.826,40.0,0.0
1063.01,37.366,28.633,40.0,0.0
1064.01,37.431,28.633,40.0,0.0
1065.01,37.495,28.633,40.0,0.0
1066.01,37.56,28.633,40.0,0.0
1067.01,37.592,28.633,40.0,0.0
1068.01,37.463,28.536,40.0,0.0
1069.0,37.366,28.568,40.0,0.0
1070.01,37.334,28.439,40.0,0.0
1071.01,37.398,28.375,40.0,0.0
1072.01,37.366,28.311,40.0,0.0
1073.01,37.527,28.311,40.0,0.0
1074.0,37.527,28.311,40.0,0.0
1075.01,37.592,28.278,40.0,0.0
1076.01,37.527,28.278,40.0,0.0
1077.01,37.463,28.182,40.0,0.0
1078.01,37.495,28.053,40.0,0.0
1079.01,37.398,28.053,40.0,0.0
1080.01,37.495,28.021,40.0,0.0
1081.01,37.366,27.988,40.0,0.0
1082.01,37.398,27.988,40.0,0.0
1083.01,37.431,27.988,40.0,0.0
1084.01,37.431,27.988,40.0,0.0
1085.01,37.431,27.924,40.0,0.0
1086.01,37.624,27.859,40.0,0.0
1087.01,37.624,27.763,40.0,0.0
1088.01,37.624,27.73,40.0,0.0
1089.01,37.656,27.666,40.0,0.0
1090.01,37.656,27.666,40.0,0.0
1091.01,37.656,27.666,40.0,0.0
1092.01,37.656,27.634,40.0,0.0
1093.01,37.656,27.569,40.0,0.0
1094.01,37.656,27.473,40.0,0.0
1095.01,37.624,27.44,40.0,0.0
1096.01,37.656,27.344,40.0,0.0
1097.01,37.656,27.344,40.0,0.0
1098.01,37.624,27.344,40.0,0.0
1099.01,37.656,27.344,40.0,0.0
1100.01,37.656,27.344,40.0,0.0
1101.01,37.656,27.344,40.0,0.0
1102.01,37.656,27.344,40.0,0.0
1103.01,37.656,27.215,40.0,0.0
1104.01,37.656,27.183,40.0,0.0
1105.01,37.656,27.15,40.0,0.0
1106.01,37.656,27.021,40.0,0.0
1107.01,37.656,27.021,40.0,0.0
1108.01,37.656,27.021,40.0,0.0
1109.01,37.656,27.021,40.0,0.0
1110.01,37.656,27.021,40.0,0.0
1111.01,37.656,27.021,40.0,0.0
1112.01,37.656,26.989,40.0,0.0
1113.01,37.656,27.021,40.0,0.0
1114.01,37.656,26.86,40.0,0.0
1115.01,37.656,26.893,40.0,0.0
1116.01,37.656,26.764,40.0,0.0
1117.01,37.656,26.699,40.0,0.0
1118.01,37.656,26.699,40.0,0.0
1119.01,37.656,26.699,40.0,0.0
1120.01,37.656,26.699,40.0,0.0
1121.01,37.656,26.699,40.0,0.0
1122.01,37.656,26.699,40.0,0.0
1123.01,37.656,26.699,40.0,0.0
1124.01,37.656,26.667,40.0,0.0
1125.01,37.656,26.57,40.0,0.0
1126.01,37.656,26.506,40.0,0.0
1127.0,37.656,26.538,40.0,0.0
1128.01,37.656,26.409,40.0,0.0
1129.01,37.656,26.377,40.0,0.0
1130.01,37.656,26.377,40.0,0.0
1131.01,37.656,26.377,40.0,0.0
1132.0,37.656,26.377,40.0,0.0
1133.0,37.656,26.377,40.0,0.0
1134.01,37.656,26.377,40.0,0.0
1135.01,37.656,26.248,40.0,0.0
1136.01,37.656,26.216,40.0,0.0
1137.0,37.656,26.248,40.0,0.0
1138.01,37.656,26.119,40.0,0.0
1139.01,37.656,26.087,40.0,0.0
1140.01,37.656,26.087,40.0,0.0
1141.01,37.624,26.055,40.0,0.0
1142.01,37.656,26.055,40.0,0.0
1143.01,37.656,26.055,40.0,0.0
1144.01,37.656,26.055,40.0,0.0
1145.01,37.656,26.055,40.0,0.0
1146.01,37.656,26.055,40.0,0.0
1147.01,37.656,26.055,40.0,0.0
1148.0,37.656,25.99,40.0,0.0
1149.01,37.656,26.022,40.0,0.0
1150.01,37.656,25.958,40.0,0.0
1151.01,37.656,25.732,40.0,0.0
1152.01,37.656,25.732,40.0,0.0
1153.01,37.656,25.797,40.0,0.0
1154.0,37.656,25.732,40.0,0.0
1155.01,37.624,25.765,40.0,0.0
1156.01,37.624,25.732,40.0,0.0
1157.0,37.527,25.732,40.0,0.0
1158.01,37.624,25.732,40.0,0.0
1159.0,37.624,25.732,40.0,0.0
1160.01,37.656,25.732,40.0,0.0
1161.0,37.656,25.732,40.0,0.0
1162.01,37.656,25.732,40.0,0.0
1163.01,37.656,25.732,40.0,0.0
1164.0,37.656,25.668,40.0,0.0
1165.01,37.656,25.636,40.0,0.0
1166.01,37.56,25.475,40.0,0.0
1167.0,37.656,25.442,40.0,0.0
1168.0,37.656,25.571,40.0,0.0
1169.01,37.656,25.442,40.0,0.0
1170.01,37.656,25.41,40.0,0.0
1171.01,37.656,25.41,40.0,0.0
1172.01,37.656,25.41,40.0,0.0
1173.01,37.656,25.41,40.0,0.0
1174.01,37.656,25.41,40.0,0.0
1175.01,37.656,25.41,40.0,0.0
1176.01,37.656,25.41,40.0,0.0
1177.01,37.656,25.41,40.0,0.0
1178.01,37.656,25.378,40.0,0.0
1179.01,37.656,25.41,40.0,0.0
1180.01,37.656,25.41,40.0,0.0
1181.0,37.656,25.346,40.0,0.0
1182.01,37.656,25.378,40.0,0.0
1183.01,37.656,25.346,40.0,0.0
1184.01,37.656,25.152,40.0,0.0
1185.01,37.656,25.217,40.0,0.0
1186.01,37.656,25.088,40.0,0.0
1187.01,37.656,25.12,40.0,0.0
1188.01,37.656,25.088,40.0,0.0
1189.01,37.656,25.088,40.0,0.0
1190.0,37.656,25.088,40.0,0.0
1191.01,37.656,25.088,40.0,0.0
1192.01,37.656,25.088,40.0,0.0
1193.01,37.656,25.088,40.0,0.0
1194.01,37.656,25.088,40.0,0.0
1195.01,37.656,25.056,40.0,0.0
1196.01,37.656,25.056,40.0,0.0
1197.01,37.656,25.023,40.0,0.0
1198.01,37.656,25.023,40.0,0.0
1199.01,37.656,24.927,40.0,0.0
1200.01,37.656,25.152,60.0,60.0
1201.01,37.656,25.088,60.0,60.0
1202.01,37.656,25.056,60.0,60.0
1203.01,37.656,24.959,60.0,60.0
1204.01,37.656,24.766,60.0,60.0
1205.01,37.656,24.959,60.0,60.0
1206.01,37.656,24.959,60.0,60.0
1207.01,37.656,24.766,60.0,60.0
1208.01,37.656,25.12,60.0,60.0
1209.01,37.656,24.862,60.0,60.0
1210.01,37.656,24.959,60.0,60.0
1211.01,37.656,25.152,60.0,60.0
1212.01,37.656,25.185,60.0,60.0
1213.01,37.656,25.12,60.0,60.0
1214.0,37.656,25.249,60.0,60.0
1215.01,37.656,25.217,60.0,60.0
1216.01,37.85,25.152,60.0,60.0
1217.0,37.946,25.346,60.0,60.0
1218.01,37.979,25.217,60.0,60.0
1219.0,37.946,25.507,60.0,60.0
1220.0,37.979,25.41,60.0,60.0
1221.01,37.979,25.604,60.0,60.0
1222.01,37.979,25.604,60.0,60.0
1223.01,37.979,25.539,60.0,60.0
1224.0,37.979,25.475,60.0,60.0
1225.01,38.043,25.926,60.0,60.0
1226.0,38.14,25.861,60.0,60.0
1227.0,38.301,25.732,60.0,60.0
1228.01,38.301,25.926,60.0,60.0
1229.01,38.301,25.958,60.0,60.0
1230.01,38.333,25.894,60.0,60.0
1231.01,38.494,26.248,60.0,60.0
1232.01,38.526,26.248,60.0,60.0
1233.0,38.623,26.119,60.0,60.0
1234.0,38.623,26.313,60.0,60.0
1235.01,38.623,26.635,60.0,60.0
1236.01,38.655,26.377,60.0,60.0
1237.01,38.655,26.635,60.0,60.0
1238.0,38.688,26.441,60.0,60.0
1239.01,38.913,26.764,60.0,60.0
1240.01,38.945,26.893,60.0,60.0
1241.0,38.945,26.699,60.0,60.0
1242.0,39.01,26.957,60.0,60.0
1243.01,39.171,27.086,60.0,60.0
1244.01,39.203,27.183,60.0,60.0
1245.01,39.268,27.021,60.0,60.0
1246.01,39.268,27.279,60.0,60.0
1247.01,39.268,27.215,60.0,60.0
1248.01,39.493,27.376,60.0,60.0
1249.01,39.59,27.602,60.0,60.0
1250.01,39.59,27.602,60.0,60.0
1251.01,39.59,27.473,60.0,60.0
1252.0,39.59,27.827,60.0,60.0
1253.0,39.59,27.763,60.0,60.0
1254.01,39.719,27.666,60.0,60.0
1255.01,39.815,27.827,60.0,60.0
1256.0,39.912,27.956,60.0,60.0
1257.01,39.912,28.149,60.0,60.0
1258.01,39.912,28.117,60.0,60.0
1259.01,39.944,28.182,60.0,60.0
1260.01,40.105,28.214,60.0,60.0
1261.01,40.138,28.407,60.0,60.0
1262.01,40.17,28.568,60.0,60.0
1263.01,40.234,28.311,60.0,60.0
1264.01,40.234,28.568,60.0,60.0
1265.01,40.267,28.633,60.0,60.0
1266.0,40.46,28.633,60.0,60.0
1267.01,40.557,28.858,60.0,60.0
1268.01,40.524,28.891,60.0,60.0
1269.0,40.557,28.826,60.0,60.0
1270.01,40.557,29.213,60.0,60.0
1271.01,40.557,29.213,60.0,60.0
1272.0,40.653,29.02,60.0,60.0
1273.01,40.814,29.31,60.0,60.0
1274.0,40.879,29.471,60.0,60.0
1275.0,40.879,29.277,60.0,60.0
1276.0,40.879,29.406,60.0,60.0
1277.0,40.943,29.567,60.0,60.0
1278.01,41.137,29.567,60.0,60.0
1279.0,41.201,29.729,60.0,60.0
1280.0,41.201,29.825,60.0,60.0
1281.01,41.201,29.857,60.0,60.0
1282.01,41.362,29.857,60.0,60.0
1283.01,41.459,30.115,60.0,60.0
1284.01,41.523,30.18,60.0,60.0
1285.01,41.556,29.922,60.0,60.0
1286.01,41.62,30.309,60.0,60.0
1287.01,41.781,30.438,60.0,60.0
1288.0,41.685,30.502,60.0,60.0
1289.01,41.846,30.502,60.0,60.0
1290.01,41.846,30.502,60.0,60.0
1291.0,41.846,30.502,60.0,60.0
1292.01,41.91,30.534,60.0,60.0
1293.0,41.942,30.824,60.0,60.0
1294.01,42.039,30.566,60.0,60.0
1295.0,42.071,30.695,60.0,60.0
1296.01,42.168,30.953,60.0,60.0
1297.01,42.168,31.146,60.0,60.0
1298.0,42.168,30.953,60.0,60.0
1299.01,42.2,31.146,60.0,60.0
1300.0,42.232,31.146,60.0,60.0
1301.01,42.458,31.146,60.0,60.0
1302.0,42.458,31.372,60.0,60.0
1303.01,42.49,31.469,60.0,60.0
1304.0,42.49,31.469,60.0,60.0
1305.01,42.555,31.34,60.0,60.0
1306.01,42.651,31.404,60.0,60.0
1307.0,42.748,31.533,60.0,60.0
1308.0,42.716,31.565,60.0,60.0
1309.01,42.78,31.533,60.0,60.0
1310.01,42.813,31.727,60.0,60.0
1311.01,42.813,31.727,60.0,60.0
1312.01,42.845,31.533,60.0,60.0
1313.0,42.909,32.113,60.0,60.0
1314.01,43.038,32.049,60.0,60.0
1315.01,43.135,31.855,60.0,60.0
1316.0,43.135,31.984,60.0,60.0
1317.01,43.135,32.113,60.0,60.0
1318.0,43.135,31.888,60.0,60.0
1319.01,43.167,32.371,60.0,60.0
1320.01,43.199,32.436,60.0,60.0
1321.01,43.328,32.307,60.0,60.0
1322.0,43.36,32.436,60.0,60.0
1323.0,43.457,32.371,60.0,60.0
1324.0,43.457,32.178,60.0,60.0
1325.0,43.457,32.629,60.0,60.0
1326.01,43.521,32.693,60.0,60.0
1327.0,43.554,32.629,60.0,60.0
1328.0,43.747,32.5,60.0,60.0
1329.0,43.779,32.758,60.0,60.0
1330.0,43.779,32.822,60.0,60.0
1331.0,43.779,33.08,60.0,60.0
1332.01,43.779,33.08,60.0,60.0
1333.0,43.908,32.887,60.0,60.0
1334.0,43.876,33.016,60.0,60.0
1335.01,44.069,33.177,60.0,60.0
1336.0,44.102,33.016,60.0,60.0
1337.0,44.102,33.145,60.0,60.0
1338.01,44.102,33.209,60.0,60.0
1339.0,44.102,33.402,60.0,60.0
1340.0,44.102,33.402,60.0,60.0
1341.0,44.102,33.306,60.0,60.0
1342.01,44.263,33.402,60.0,60.0
1343.01,44.359,33.467,60.0,60.0
1344.01,44.424,33.66,60.0,60.0
1345.01,44.424,33.757,60.0,60.0
1346.0,44.424,33.596,60.0,60.0
1347.01,44.424,33.531,60.0,60.0
1348.01,44.585,33.982,60.0,60.0
1349.0,44.682,33.95,60.0,60.0
1350.01,44.682,33.886,60.0,60.0
1351.0,44.714,33.982,60.0,60.0
1352.0,44.746,34.047,60.0,60.0
1353.01,44.746,34.047,60.0,60.0
1354.01,44.746,34.047,60.0,60.0
1355.01,44.746,34.208,60.0,60.0
1356.01,44.811,34.24,60.0,60.0
1357.01,44.778,34.305,60.0,60.0
1358.01,44.875,34.305,60.0,60.0
1359.01,44.939,34.176,60.0,60.0
1360.01,44.875,34.111,60.0,60.0
1361.01,44.972,34.24,60.0,60.0
1362.01,45.004,34.53,60.0,60.0
1363.0,45.068,34.627,60.0,60.0
1364.01,45.068,34.563,60.0,60.0
1365.01,45.068,34.498,60.0,60.0
1366.01,45.101,34.434,60.0,60.0
1367.01,45.133,34.691,60.0,60.0
1368.01,45.101,34.756,60.0,60.0
1369.01,45.101,34.788,60.0,60.0
1370.01,45.068,34.691,60.0,60.0
1371.01,45.165,35.014,60.0,60.0
1372.01,45.165,34.949,60.0,60.0
1373.01,45.229,34.949,60.0,60.0
1374.01,45.391,34.756,60.0,60.0
1375.01,45.391,34.885,60.0,60.0
1376.01,45.391,34.949,60.0,60.0
1377.01,45.391,35.014,60.0,60.0
1378.01,45.391,34.917,60.0,60.0
1379.01,45.552,34.981,60.0,60.0
1380.0,45.487,35.271,60.0,60.0
1381.01,45.584,35.207,60.0,60.0
1382.0,45.713,35.336,60.0,60.0
1383.01,45.713,35.271,60.0,60.0
1384.0,45.713,35.078,60.0,60.0
1385.0,45.713,35.433,60.0,60.0
1386.01,45.713,35.433,60.0,60.0
1387.01,45.713,35.529,60.0,60.0
1388.01,45.745,35.465,60.0,60.0
1389.01,45.874,35.594,60.0,60.0
1390.01,46.035,35.658,60.0,60.0
1391.01,46.035,35.658,60.0,60.0
1392.0,46.035,35.4,60.0,60.0
1393.01,46.035,35.465,60.0,60.0
1394.02,46.067,35.4,60.0,60.0
1395.01,46.1,35.787,60.0,60.0
1396.0,46.067,35.658,60.0,60.0
1397.01,46.1,35.723,60.0,60.0
1398.0,46.067,35.852,60.0,60.0
1399.01,46.196,35.98,60.0,60.0
1400.01,46.132,35.852,60.0,60.0
1401.01,46.357,35.723,60.0,60.0
1402.0,46.357,35.723,60.0,60.0
1403.01,46.357,35.884,60.0,60.0
1404.0,46.39,36.174,60.0,60.0
1405.01,46.357,36.303,60.0,60.0
1406.01,46.357,36.142,60.0,60.0
1407.0,46.422,36.045,60.0,60.0
1408.01,46.486,36.238,60.0,60.0
1409.01,46.486,36.238,60.0,60.0
1410.01,46.519,36.271,60.0,60.0
1411.01,46.647,36.174,60.0,60.0
1412.01,46.68,36.271,60.0,60.0
1413.01,46.68,36.271,60.0,60.0
1414.01,46.68,36.432,60.0,60.0
1415.01,46.68,36.625,60.0,60.0
1416.01,46.68,36.367,60.0,60.0
1417.01,46.68,36.432,60.0,60.0
1418.01,46.712,36.561,60.0,60.0
1419.01,46.776,36.561,60.0,60.0
1420.01,46.776,36.432,60.0,60.0
1421.01,46.841,36.367,60.0,60.0
1422.01,46.712,36.496,60.0,60.0
1423.01,46.744,36.625,60.0,60.0
1424.01,46.68,36.722,60.0,60.0
1425.01,46.97,36.657,60.0,60.0
1426.01,46.97,36.754,60.0,60.0
1427.0,47.002,36.947,60.0,60.0
1428.01,47.002,36.947,60.0,60.0
1429.01,47.002,36.818,60.0,60.0
1430.01,47.034,36.689,60.0,60.0
1431.01,47.163,36.883,60.0,60.0
1432.01,47.163,36.947,60.0,60.0
1433.0,47.324,36.689,60.0,60.0
1434.0,47.324,36.754,60.0,60.0
1435.01,47.324,37.044,60.0,60.0
1436.0,47.292,37.27,60.0,60.0
1437.0,47.324,37.205,60.0,60.0
1438.0,47.324,37.076,60.0,60.0
1439.0,47.324,37.173,60.0,60.0
1440.0,47.324,37.205,60.0,60.0
1441.01,47.356,37.27,60.0,60.0
1442.01,47.389,37.076,60.0,60.0
1443.01,47.421,37.012,60.0,60.0
1444.01,47.453,37.076,60.0,60.0
1445.01,47.389,37.334,60.0,60.0
1446.0,47.324,37.431,60.0,60.0
1447.0,47.324,37.463,60.0,60.0
1448.0,47.582,37.527,60.0,60.0
1449.0,47.646,37.592,60.0,60.0
1450.01,47.646,37.527,60.0,60.0
1451.0,47.646,37.527,60.0,60.0
1452.01,47.646,37.463,60.0,60.0
1453.01,47.646,37.656,60.0,60.0
1454.01,47.646,37.753,60.0,60.0
1455.0,47.646,37.817,60.0,60.0
1456.0,47.646,37.656,60.0,60.0
1457.0,47.679,37.721,60.0,60.0
1458.0,47.711,37.85,60.0,60.0
1459.01,47.84,37.85,60.0,60.0
1460.0,47.711,37.785,60.0,60.0
1461.0,47.84,37.656,60.0,60.0
1462.01,47.808,37.656,60.0,60.0
1463.0,47.84,37.85,60.0,60.0
1464.0,47.808,37.979,60.0,60.0
1465.01,47.872,37.785,60.0,60.0
1466.01,47.937,37.753,60.0,60.0
1467.0,47.969,37.979,60.0,60.0
1468.0,47.969,38.043,60.0,60.0
1469.01,47.969,38.107,60.0,60.0
1470.0,47.969,38.107,60.0,60.0
1471.01,47.969,38.043,60.0,60.0
1472.0,47.969,38.236,60.0,60.0
1473.01,48.033,38.236,60.0,60.0
1474.01,48.001,38.14,60.0,60.0
1475.0,48.098,37.979,60.0,60.0
1476.0,48.13,38.107,60.0,60.0
1477.0,48.194,38.172,60.0,60.0
1478.01,48.194,38.172,60.0,60.0
1479.0,48.259,37.979,60.0,60.0
1480.01,48.291,38.011,60.0,60.0
1481.0,48.291,38.365,60.0,60.0
1482.01,48.291,38.462,60.0,60.0
1483.01,48.259,38.333,60.0,60.0
1484.0,48.162,38.204,60.0,60.0
1485.01,48.162,38.301,60.0,60.0
1486.01,48.227,38.43,60.0,60.0
1487.0,48.259,38.526,60.0,60.0
1488.01,48.291,38.494,60.0,60.0
1489.01,48.291,38.333,60.0,60.0
1490.0,48.323,38.559,60.0,60.0
1491.01,48.291,38.559,60.0,60.0
1492.01,48.323,38.559,60.0,60.0
1493.01,48.323,38.494,60.0,60.0
1494.01,48.452,38.365,60.0,60.0
1495.01,48.581,38.494,60.0,60.0
1496.01,48.581,38.559,60.0,60.0
1497.01,48.484,38.559,60.0,60.0
1498.01,48.452,38.301,60.0,60.0
1499.01,48.517,38.462,60.0,60.0
1500.01,48.484,38.559,30.0,30.0
1501.01,48.581,38.655,30.0,30.0
1502.01,48.613,38.43,30.0,30.0
1503.01,48.581,38.526,30.0,30.0
1504.01,48.581,38.688,30.0,30.0
1505.01,48.613,38.752,30.0,30.0
1506.01,48.613,38.752,30.0,30.0
1507.01,48.613,38.623,30.0,30.0
1508.01,48.613,38.623,30.0,30.0
1509.01,48.484,38.752,30.0,30.0
1510.0,48.613,38.688,30.0,30.0
1511.01,48.613,38.688,30.0,30.0
1512.01,48.613,38.43,30.0,30.0
1513.0,48.613,38.72,30.0,30.0
1514.01,48.452,38.655,30.0,30.0
1515.01,48.323,38.688,30.0,30.0
1516.01,48.291,38.688,30.0,30.0
1517.01,48.291,38.72,30.0,30.0
1518.01,48.323,38.591,30.0,30.0
1519.01,48.291,38.688,30.0,30.0
1520.01,48.291,38.591,30.0,30.0
1521.01,48.227,38.591,30.0,30.0
1522.01,48.001,38.494,30.0,30.0
1523.01,47.969,38.591,30.0,30.0
1524.01,47.969,38.462,30.0,30.0
1525.01,47.969,38.301,30.0,30.0
1526.01,47.969,38.301,30.0,30.0
1527.01,47.969,38.301,30.0,30.0
1528.01,47.84,38.43,30.0,30.0
1529.01,47.711,38.365,30.0,30.0
1530.01,47.646,38.204,30.0,30.0
1531.01,47.646,38.172,30.0,30.0
1532.01,47.646,38.236,30.0,30.0
1533.01,47.646,38.269,30.0,30.0
1534.01,47.485,38.14,30.0,30.0
1535.01,47.356,37.979,30.0,30.0
1536.0,47.389,38.107,30.0,30.0
1537.01,47.324,38.107,30.0,30.0
1538.01,47.324,38.107,30.0,30.0
1539.01,47.26,38.107,30.0,30.0
1540.01,47.066,38.011,30.0,30.0
1541.01,47.034,37.946,30.0,30.0
1542.01,47.002,37.85,30.0,30.0
1543.01,47.002,37.656,30.0,30.0
1544.01,47.002,37.656,30.0,30.0
1545.01,46.68,37.785,30.0,30.0
1546.01,46.68,37.721,30.0,30.0
1547.0,46.68,37.721,30.0,30.0
1548.01,46.68,37.656,30.0,30.0
1549.01,46.551,37.624,30.0,30.0
1550.01,46.486,37.721,30.0,30.0
1551.01,46.357,37.721,30.0,30.0
1552.0,46.293,37.688,30.0,30.0
1553.01,46.132,37.495,30.0,30.0
1554.01,46.132,37.495,30.0,30.0
1555.01,46.035,37.463,30.0,30.0
1556.01,46.035,37.463,30.0,30.0
1557.01,45.971,37.463,30.0,30.0
1558.01,45.874,37.431,30.0,30.0
1559.01,45.777,37.463,30.0,30.0
1560.01,45.713,37.463,30.0,30.0
1561.01,45.713,37.366,30.0,30.0
1562.01,45.423,37.205,30.0,30.0
1563.01,45.391,37.076,30.0,30.0
1564.0,45.391,37.012,30.0,30.0
1565.01,45.391,37.141,30.0,30.0
1566.01,45.358,37.141,30.0,30.0
1567.01,45.197,37.012,30.0,30.0
1568.01,45.101,37.012,30.0,30.0
1569.01,45.068,37.044,30.0,30.0
1570.0,44.972,37.076,30.0,30.0
1571.01,44.843,36.786,30.0,30.0
1572.0,44.843,36.689,30.0,30.0
1573.01,44.811,36.883,30.0,30.0
1574.01,44.746,36.818,30.0,30.0
1575.01,44.746,36.818,30.0,30.0
1576.01,44.746,36.754,30.0,30.0
1577.01,44.617,36.754,30.0,30.0
1578.01,44.553,36.722,30.0,30.0
1579.01,44.424,36.561,30.0,30.0
1580.01,44.424,36.528,30.0,30.0
1581.01,44.359,36.464,30.0,30.0
1582.01,44.198,36.496,30.0,30.0
1583.01,44.102,36.432,30.0,30.0
1584.0,44.102,36.367,30.0,30.0
1585.01,43.908,36.367,30.0,30.0
1586.01,43.779,36.496,30.0,30.0
1587.01,43.876,36.464,30.0,30.0
1588.01,43.779,36.335,30.0,30.0
1589.01,43.779,36.077,30.0,30.0
1590.0,43.779,36.045,30.0,30.0
1591.01,43.683,36.109,30.0,30.0
1592.01,43.457,36.174,30.0,30.0
1593.0,43.457,36.174,30.0,30.0
1594.01,43.457,35.819,30.0,30.0
1595.01,43.425,35.755,30.0,30.0
1596.01,43.393,35.852,30.0,30.0
1597.01,43.36,35.852,30.0,30.0
1598.01,43.167,35.852,30.0,30.0
1599.01,43.135,35.723,30.0,30.0
1600.01,43.167,35.787,30.0,30.0
1601.01,43.135,35.852,30.0,30.0
1602.0,43.038,35.787,30.0,30.0
1603.01,43.038,35.69,30.0,30.0
1604.0,42.845,35.529,30.0,30.0
1605.01,42.813,35.594,30.0,30.0
1606.01,42.813,35.465,30.0,30.0
1607.01,42.813,35.4,30.0,30.0
1608.01,42.78,35.4,30.0,30.0
1609.01,42.748,35.465,30.0,30.0
1610.01,42.522,35.529,30.0,30.0
1611.01,42.49,35.465,30.0,30.0
1612.01,42.522,35.4,30.0,30.0
1613.01,42.522,35.239,30.0,30.0
1614.01,42.49,35.239,30.0,30.0
1615.01,42.49,35.304,30.0,30.0
1616.01,42.458,35.271,30.0,30.0
1617.01,42.265,35.078,30.0,30.0
1618.01,42.232,35.207,30.0,30.0
1619.01,42.2,35.207,30.0,30.0
1620.01,42.168,35.207,30.0,30.0
1621.01,42.071,35.207,30.0,30.0
1622.01,42.039,35.143,30.0,30.0
1623.01,41.942,35.078,30.0,30.0
1624.01,41.878,35.078,30.0,30.0
1625.01,41.846,35.014,30.0,30.0
1626.01,41.846,34.788,30.0,30.0
1627.01,41.846,34.788,30.0,30.0
1628.01,41.781,34.885,30.0,30.0
1629.01,41.781,34.885,30.0,30.0
1630.01,41.685,34.82,30.0,30.0
1631.01,41.62,34.756,30.0,30.0
1632.01,41.523,34.691,30.0,30.0
1633.01,41.523,34.885,30.0,30.0
1634.01,41.523,34.885,30.0,30.0
1635.01,41.523,34.724,30.0,30.0
1636.01,41.459,34.498,30.0,30.0
1637.01,41.266,34.595,30.0,30.0
1638.01,41.201,34.595,30.0,30.0
1639.01,41.201,34.563,30.0,30.0
1640.01,41.201,34.498,30.0,30.0
1641.01,41.201,34.434,30.0,30.0
1642.01,41.201,34.563,30.0,30.0
1643.01,41.104,34.563,30.0,30.0
1644.01,40.879,34.563,30.0,30.0
1645.01,40.879,34.401,30.0,30.0
1646.01,40.879,34.337,30.0,30.0
1647.01,40.879,34.24,30.0,30.0
1648.01,40.879,34.176,30.0,30.0
1649.01,40.653,34.111,30.0,30.0
1650.01,40.686,34.111,30.0,30.0
1651.01,40.557,34.24,30.0,30.0
1652.01,40.557,34.24,30.0,30.0
1653.01,40.557,34.111,30.0,30.0
1654.01,40.524,34.111,30.0,30.0
1655.01,40.46,34.079,30.0,30.0
1656.01,40.299,34.079,30.0,30.0
1657.01,40.234,33.918,30.0,30.0
1658.01,40.234,33.95,30.0,30.0
1659.01,40.234,33.854,30.0,30.0
1660.01,40.234,33.95,30.0,30.0
1661.01,40.234,33.918,30.0,30.0
1662.01,40.138,33.95,30.0,30.0
1663.01,39.912,33.789,30.0,30.0
1664.01,39.912,33.918,30.0,30.0
1665.01,39.912,33.918,30.0,30.0
1666.01,39.912,33.854,30.0,30.0
1667.01,39.912,33.789,30.0,30.0
1668.01,39.783,33.854,30.0,30.0
1669.01,39.59,33.821,30.0,30.0
1670.01,39.59,33.789,30.0,30.0
1671.01,39.59,33.531,30.0,30.0
1672.01,39.59,33.596,30.0,30.0
1673.01,39.59,33.66,30.0,30.0
1674.01,39.493,33.596,30.0,30.0
1675.01,39.3,33.467,30.0,30.0
1676.01,39.332,33.467,30.0,30.0
1677.01,39.268,33.467,30.0,30.0
1678.01,39.268,33.531,30.0,30.0
1679.01,39.268,33.563,30.0,30.0
1680.01,39.171,33.273,30.0,30.0
1681.01,39.042,33.145,30.0,30.0
1682.01,39.042,33.273,30.0,30.0
1683.01,39.042,33.273,30.0,30.0
1684.01,39.01,33.306,30.0,30.0
1685.01,38.945,33.145,30.0,30.0
1686.01,38.945,33.209,30.0,30.0
1687.01,38.945,33.273,30.0,30.0
1688.01,38.913,33.241,30.0,30.0
1689.01,38.881,33.209,30.0,30.0
1690.01,38.945,33.016,30.0,30.0
1691.01,38.881,32.983,30.0,30.0
1692.01,38.816,33.016,30.0,30.0
1693.01,38.655,32.822,30.0,30.0
1694.0,38.623,32.822,30.0,30.0
1695.0,38.623,32.951,30.0,30.0
1696.0,38.623,32.951,30.0,30.0
1697.0,38.623,32.887,30.0,30.0
1698.01,38.591,32.822,30.0,30.0
1699.01,38.559,32.693,30.0,30.0
1700.01,38.494,32.79,30.0,30.0
1701.0,38.397,32.758,30.0,30.0
1702.01,38.301,32.629,30.0,30.0
1703.01,38.301,32.5,30.0,30.0
1704.01,38.301,32.5,30.0,30.0
1705.01,38.301,32.629,30.0,30.0
1706.01,38.269,32.629,30.0,30.0
1707.01,38.075,32.564,30.0,30.0
1708.01,38.043,32.597,30.0,30.0
1709.01,38.107,32.629,30.0,30.0
1710.01,38.011,32.597,30.0,30.0
1711.01,37.979,32.564,30.0,30.0
1712.01,37.979,32.371,30.0,30.0
1713.01,38.011,32.468,30.0,30.0
1714.01,37.979,32.371,30.0,30.0
1715.01,37.979,32.307,30.0,30.0
1716.01,37.979,32.371,30.0,30.0
1717.01,37.979,32.307,30.0,30.0
1718.01,37.979,32.21,30.0,30.0
1719.01,37.979,32.339,30.0,30.0
1720.01,37.914,32.307,30.0,30.0
1721.01,37.979,32.307,30.0,30.0
1722.01,37.979,32.242,30.0,30.0
1723.01,37.946,32.178,30.0,30.0
1724.01,37.914,32.307,30.0,30.0
1725.01,37.914,32.21,30.0,30.0
1726.01,37.882,32.242,30.0,30.0
1727.01,37.914,32.307,30.0,30.0
1728.01,37.914,32.21,30.0,30.0
1729.0,37.979,32.146,30.0,30.0
1730.01,37.817,32.146,30.0,30.0
1731.01,37.85,31.92,30.0,30.0
1732.0,37.979,31.92,30.0,30.0
1733.01,37.946,31.984,30.0,30.0
1734.01,37.946,31.92,30.0,30.0
1735.01,37.817,31.855,30.0,30.0
1736.01,37.785,31.855,30.0,30.0
1737.01,37.85,31.92,30.0,30.0
1738.01,37.688,31.984,30.0,30.0
1739.0,37.656,31.92,30.0,30.0
1740.01,37.656,31.855,30.0,30.0
1741.01,37.688,31.952,30.0,30.0
1742.01,37.656,31.984,30.0,30.0
1743.01,37.656,31.92,30.0,30.0
1744.01,37.656,31.92,30.0,30.0
1745.0,37.656,31.952,30.0,30.0
1746.0,37.656,31.984,30.0,30.0
1747.01,37.656,31.952,30.0,30.0
1748.01,37.592,31.823,30.0,30.0
1749.01,37.624,31.92,30.0,30.0
1750.01,37.56,31.791,30.0,30.0
1751.01,37.656,31.598,30.0,30.0
1752.01,37.56,31.727,30.0,30.0
1753.01,37.495,31.662,30.0,30.0
1754.01,37.366,31.662,30.0,30.0
1755.01,37.431,31.533,30.0,30.0
1756.0,37.495,31.662,30.0,30.0
1757.01,37.366,31.662,30.0,30.0
1758.01,37.398,31.533,30.0,30.0
1759.0,37.463,31.662,30.0,30.0
1760.01,37.366,31.662,30.0,30.0
1761.01,37.366,31.533,30.0,30.0
1762.01,37.334,31.533,30.0,30.0
1763.01,37.334,31.598,30.0,30.0
1764.01,37.334,31.533,30.0,30.0
1765.01,37.334,31.598,30.0,30.0
1766.01,37.366,31.63,30.0,30.0
1767.01,37.334,31.598,30.0,30.0
1768.01,37.334,31.437,30.0,30.0
1769.0,37.334,31.598,30.0,30.0
1770.0,37.302,31.437,30.0,30.0
1771.01,37.173,31.372,30.0,30.0
1772.01,37.173,31.275,30.0,30.0
1773.01,37.237,31.34,30.0,30.0
1774.01,37.044,31.34,30.0,30.0
1775.0,37.108,31.275,30.0,30.0
1776.01,37.108,31.34,30.0,30.0
1777.0,37.141,31.34,30.0,30.0
1778.01,37.012,31.308,30.0,30.0
1779.01,37.108,31.211,30.0,30.0
1780.01,37.141,31.34,30.0,30.0
1781.01,37.205,31.34,30.0,30.0
1782.01,37.108,31.211,30.0,30.0
1783.01,37.237,31.211,30.0,30.0
1784.01,37.076,31.308,30.0,30.0
1785.01,37.012,31.275,30.0,30.0
1786.01,37.076,31.211,30.0,30.0
1787.01,37.076,31.211,30.0,30.0
1788.01,37.044,31.34,30.0,30.0
1789.01,37.012,31.275,30.0,30.0
1790.01,37.012,31.211,30.0,30.0
1791.01,37.108,31.275,30.0,30.0
1792.01,37.012,31.34,30.0,30.0
1793.01,37.012,31.275,30.0,30.0
1794.01,37.012,31.211,30.0,30.0
1795.01,37.012,31.275,30.0,30.0
1796.01,37.012,31.243,30.0,30.0
1797.01,37.012,31.179,30.0,30.0
1798.01,37.012,30.953,30.0,30.0
1799.01,37.012,31.05,30.0,30.0
1800.01,36.979,30.985,30.0,30.0
1801.01,37.012,30.889,30.0,30.0
1802.0,36.915,31.018,30.0,30.0
1803.01,36.851,31.05,30.0,30.0
1804.01,36.786,30.889,30.0,30.0
1805.01,36.722,31.018,30.0,30.0
1806.01,36.754,31.018,30.0,30.0
1807.01,36.689,30.889,30.0,30.0
1808.01,36.754,30.953,30.0,30.0
1809.01,36.722,31.018,30.0,30.0
1810.01,36.689,31.018,30.0,30.0
1811.01,36.722,31.018,30.0,30.0
1812.01,36.754,31.018,30.0,30.0
1813.0,36.689,31.018,30.0,30.0
1814.01,36.689,30.889,30.0,30.0
1815.01,36.689,30.953,30.0,30.0
1816.01,36.689,30.953,30.0,30.0
1817.0,36.689,30.889,30.0,30.0
1818.0,36.689,31.018,30.0,30.0
1819.01,36.689,30.889,30.0,30.0
1820.01,36.689,30.889,30.0,30.0
1821.0,36.689,31.018,30.0,30.0
1822.01,36.689,31.018,30.0,30.0
1823.01,36.689,30.889,30.0,30.0
1824.0,36.657,30.985,30.0,30.0
1825.0,36.561,30.985,30.0,30.0
1826.01,36.528,31.018,30.0,30.0
1827.01,36.496,30.953,30.0,30.0
1828.01,36.496,30.824,30.0,30.0
1829.01,36.496,30.889,30.0,30.0
1830.01,36.528,30.824,30.0,30.0
1831.01,36.561,30.792,30.0,30.0
1832.01,36.528,30.824,30.0,30.0
1833.01,36.399,30.824,30.0,30.0
1834.01,36.432,30.76,30.0,30.0
1835.01,36.496,30.792,30.0,30.0
1836.01,36.367,30.76,30.0,30.0
1837.01,36.432,30.663,30.0,30.0
1838.01,36.399,30.663,30.0,30.0
1839.01,36.367,30.663,30.0,30.0
1840.01,36.367,30.566,30.0,30.0
1841.01,36.367,30.631,30.0,30.0
1842.01,36.399,30.663,30.0,30.0
1843.01,36.367,30.566,30.0,30.0
1844.01,36.367,30.695,30.0,30.0
1845.01,36.367,30.631,30.0,30.0
1846.01,36.367,30.566,30.0,30.0
1847.01,36.367,30.631,30.0,30.0
1848.0,36.367,30.695,30.0,30.0
1849.01,36.367,30.566,30.0,30.0
1850.01,36.367,30.695,30.0,30.0
1851.01,36.367,30.566,30.0,30.0
1852.01,36.367,30.695,30.0,30.0
1853.0,36.367,30.695,30.0,30.0
1854.01,36.367,30.566,30.0,30.0
1855.01,36.367,30.695,30.0,30.0
1856.01,36.367,30.631,30.0,30.0
1857.01,36.335,30.566,30.0,30.0
1858.0,36.367,30.695,30.0,30.0
1859.01,36.335,30.566,30.0,30.0
1860.01,36.271,30.695,30.0,30.0
1861.01,36.335,30.663,30.0,30.0
1862.01,36.335,30.502,30.0,30.0
1863.01,36.367,30.695,30.0,30.0
1864.01,36.367,30.663,30.0,30.0
1865.01,36.367,30.566,30.0,30.0
1866.01,36.367,30.695,30.0,30.0
1867.0,36.206,30.534,30.0,30.0
1868.01,36.174,30.502,30.0,30.0
1869.01,36.335,30.695,30.0,30.0
1870.01,36.271,30.566,30.0,30.0
1871.01,36.045,30.276,30.0,30.0
1872.01,36.077,30.566,30.0,30.0
1873.01,36.109,30.47,30.0,30.0
1874.01,36.109,30.405,30.0,30.0
1875.01,36.109,30.438,30.0,30.0
1876.01,36.045,30.341,30.0,30.0
1877.01,36.077,30.244,30.0,30.0
1878.01,36.045,30.341,30.0,30.0
1879.0,36.045,30.373,30.0,30.0
1880.01,36.045,30.341,30.0,30.0
1881.01,36.045,30.244,30.0,30.0
1882.01,36.045,30.405,30.0,30.0
1883.0,36.045,30.309,30.0,30.0
1884.01,36.045,30.244,30.0,30.0
1885.0,36.045,30.244,30.0,30.0
1886.01,36.045,30.373,30.0,30.0
1887.01,36.045,30.373,30.0,30.0
1888.01,36.045,30.244,30.0,30.0
1889.01,36.045,30.309,30.0,30.0
1890.01,36.045,30.373,30.0,30.0
1891.01,36.013,30.373,30.0,30.0
1892.0,36.045,30.244,30.0,30.0
1893.0,36.045,30.373,30.0,30.0
1894.01,36.013,30.373,30.0,30.0
1895.01,35.98,30.244,30.0,30.0
1896.01,36.045,30.244,30.0,30.0
1897.01,36.045,30.373,30.0,30.0
1898.01,36.045,30.373,30.0,30.0
1899.01,36.045,30.244,30.0,30.0
1900.01,36.045,30.244,30.0,30.0
1901.0,36.045,30.373,30.0,30.0
1902.01,36.013,30.373,30.0,30.0
1903.01,36.045,30.244,30.0,30.0
1904.0,35.916,30.309,30.0,30.0
1905.01,35.916,30.309,30.0,30.0
1906.01,35.819,30.373,30.0,30.0
1907.01,35.819,30.244,30.0,30.0
1908.01,35.948,30.309,30.0,30.0
1909.01,35.948,30.373,30.0,30.0
1910.01,35.755,30.309,30.0,30.0
1911.01,35.787,30.244,30.0,30.0
1912.01,35.852,30.244,30.0,30.0
1913.01,35.852,30.373,30.0,30.0
1914.01,35.819,30.373,30.0,30.0
1915.0,35.787,30.244,30.0,30.0
1916.01,35.819,30.244,30.0,30.0
1917.01,35.819,30.373,30.0,30.0
1918.01,35.787,30.341,30.0,30.0
1919.01,35.787,30.212,30.0,30.0
1920.01,35.916,30.18,30.0,30.0
1921.01,35.884,30.244,30.0,30.0
1922.01,35.852,30.244,30.0,30.0
1923.01,35.852,30.147,30.0,30.0
1924.01,35.852,30.18,30.0,30.0
1925.01,35.884,30.244,30.0,30.0
1926.01,35.819,29.986,30.0,30.0
1927.0,35.723,30.18,30.0,30.0
1928.0,35.723,30.18,30.0,30.0
1929.01,35.723,30.244,30.0,30.0
1930.01,35.723,30.019,30.0,30.0
1931.01,35.723,30.212,30.0,30.0
1932.01,35.755,30.147,30.0,30.0
1933.0,35.723,30.051,30.0,30.0
1934.01,35.723,30.212,30.0,30.0
1935.01,35.723,30.083,30.0,30.0
1936.01,35.723,29.922,30.0,30.0
1937.01,35.723,29.922,30.0,30.0
1938.01,35.723,30.147,30.0,30.0
1939.01,35.723,29.986,30.0,30.0
1940.0,35.723,30.051,30.0,30.0
1941.01,35.723,30.051,30.0,30.0
1942.0,35.723,29.922,30.0,30.0
1943.01,35.723,29.986,30.0,30.0
1944.01,35.723,30.051,30.0,30.0
1945.01,35.658,30.051,30.0,30.0
1946.01,35.723,30.051,30.0,30.0
1947.01,35.723,30.051,30.0,30.0
1948.01,35.723,30.051,30.0,30.0
1949.01,35.723,29.922,30.0,30.0
1950.0,35.69,30.051,30.0,30.0
1951.01,35.658,30.051,30.0,30.0
1952.01,35.626,29.922,30.0,30.0
1953.01,35.658,30.051,30.0,30.0
1954.01,35.658,29.986,30.0,30.0
1955.01,35.723,29.922,30.0,30.0
1956.01,35.723,30.051,30.0,30.0
1957.01,35.69,30.051,30.0,30.0
1958.01,35.723,30.051,30.0,30.0
1959.01,35.723,30.051,30.0,30.0
1960.0,35.69,30.051,30.0,30.0
1961.0,35.594,30.051,30.0,30.0
1962.01,35.723,30.051,30.0,30.0
1963.0,35.658,30.051,30.0,30.0
1964.01,35.658,29.922,30.0,30.0
1965.01,35.658,29.986,30.0,30.0
1966.0,35.562,29.986,30.0,30.0
1967.01,35.594,29.922,30.0,30.0
1968.01,35.658,30.051,30.0,30.0
1969.01,35.465,30.051,30.0,30.0
1970.01,35.562,29.922,30.0,30.0
1971.01,35.497,30.019,30.0,30.0
1972.01,35.497,30.051,30.0,30.0
1973.01,35.465,29.954,30.0,30.0
1974.01,35.626,29.986,30.0,30.0
1975.01,35.4,29.986,30.0,30.0
1976.01,35.465,29.922,30.0,30.0
1977.01,35.529,29.986,30.0,30.0
1978.01,35.4,30.051,30.0,30.0
1979.01,35.433,29.922,30.0,30.0
1980.01,35.497,29.986,30.0,30.0
1981.01,35.465,29.986,30.0,30.0
1982.01,35.433,29.89,30.0,30.0
1983.01,35.497,29.986,30.0,30.0
1984.01,35.433,30.051,30.0,30.0
1985.01,35.4,30.051,30.0,30.0
1986.01,35.4,29.922,30.0,30.0
1987.01,35.4,29.954,30.0,30.0
1988.01,35.433,30.051,30.0,30.0
1989.01,35.4,29.954,30.0,30.0
1990.01,35.4,29.922,30.0,30.0
1991.01,35.433,29.922,30.0,30.0
1992.01,35.4,29.954,30.0,30.0
1993.01,35.4,29.793,30.0,30.0
1994.0,35.433,29.986,30.0,30.0
1995.01,35.433,29.954,30.0,30.0
1996.01,35.4,29.761,30.0,30.0
1997.01,35.4,29.664,30.0,30.0
1998.01,35.4,29.761,30.0,30.0
1999.01,35.4,29.729,30.0,30.0
